v_cert_id,p_nric,v_date,e_nric
1,S7599799Z,19/5/2021,S4927537D
2,G6674547W,19/5/2021,F0964349N
3,T8210333Z,19/5/2021,S7632375E
4,T0772496E,19/5/2021,T7452094J
5,S4462602J,19/5/2021,F3702569X
6,T3233582E,19/5/2021,F4653238N
7,S5853831J,19/5/2021,S1705518F
8,G4832122X,19/5/2021,G8044108N
9,F5459701X,19/5/2021,F7525683M
10,G6740750X,19/5/2021,S8054357C
11,F3671549U,19/5/2021,F3679987X
12,F9648652U,19/5/2021,F8770001K
13,S7549540D,19/5/2021,G2833316T
14,G1015829Q,19/5/2021,S0433098F
15,T2178025H,19/5/2021,T3739767E
16,F4263648R,19/5/2021,G6263074X
17,G1268714T,19/5/2021,F8437303Q
18,T0438097A,19/5/2021,S0112513C
19,G2576539M,19/5/2021,F8770001K
20,F8447402U,19/5/2021,F6815266Q
21,G7230615K,19/5/2021,F7356014N
22,G6201758P,19/5/2021,T1721784J
23,S5865222I,19/5/2021,G0706206R
24,S3518820G,19/5/2021,T6537697G
25,G2234785W,19/5/2021,T0115353B
26,F3790342Q,19/5/2021,T7730421A
27,T6690250H,19/5/2021,F8478107W
28,G2157864P,19/5/2021,S1705518F
29,S2919600A,19/5/2021,G8416161L
30,G7058482X,19/5/2021,T9192434F
31,T5948336B,19/5/2021,T9902624Z
32,T0065390F,19/5/2021,T3695407D
33,S0588446B,19/5/2021,F3346919P
34,S1775134D,19/5/2021,G4684438L
35,F5140385K,19/5/2021,F0206290U
36,S9549979A,19/5/2021,F0230858N
37,T7302963A,19/5/2021,T4205889G
38,S3144448I,19/5/2021,S8054357C
39,G3498418U,19/5/2021,T5221888D
40,G9219238K,19/5/2021,S3758462B
41,T5297915Z,19/5/2021,S3957204D
42,F9349968U,19/5/2021,T3615523F
43,T9149004D,19/5/2021,F0117815Q
44,F8877694K,19/5/2021,G6919207L
45,S3833731I,19/5/2021,T1124524I
46,F0851797P,19/5/2021,S9518610F
47,G5888422M,19/5/2021,T9902624Z
48,F3807747M,19/5/2021,F1740717K
49,T8210494H,19/5/2021,F1740717K
50,F1752408U,19/5/2021,G4590126U
51,G9460241L,19/5/2021,G3373332T
52,T2375893D,19/5/2021,T1636661C
53,S2132058G,19/5/2021,G4089595M
54,T1101420D,19/5/2021,T4372543I
55,T1277874G,19/5/2021,G0368734T
56,G6076496X,19/5/2021,F6174329N
57,F8265301P,19/5/2021,S6524191I
58,T8716023D,19/5/2021,G8720997R
59,T5696552H,19/5/2021,G0181515L
60,S2107998G,19/5/2021,T0261074J
61,F5246910N,19/5/2021,S4375155G
62,F3176827Q,19/5/2021,T9902624Z
63,G5953239T,19/5/2021,S4375155G
64,G8244136R,19/5/2021,G0044819U
65,T0622646E,19/5/2021,F5195114W
66,G1726052P,19/5/2021,T1154443B
67,S6002497I,19/5/2021,T8091099H
68,G6158122M,19/5/2021,S8414965I
69,T2420059G,19/5/2021,F4738845R
70,T0956338A,19/5/2021,T3315630D
71,F1386167Q,19/5/2021,F3890136L
72,F7131816T,19/5/2021,F7356014N
73,T6698706F,19/5/2021,S0409890J
74,F8348388K,19/5/2021,T6055250E
75,F8407765T,19/5/2021,S3265335I
76,T2212466D,19/5/2021,F5044387Q
77,G1006647L,19/5/2021,F8734092U
78,F4272675M,19/5/2021,F8986318W
79,F0769666M,19/5/2021,G8552546N
80,F6710594W,19/5/2021,T6508258B
81,G0452530U,19/5/2021,G4786376M
82,S8665336B,19/5/2021,T2953628C
83,G3754710M,19/5/2021,T7952373E
84,G5621143N,19/5/2021,G8502410N
85,G5148549T,19/5/2021,S1598313B
86,F1200725Q,19/5/2021,F3316054L
87,G7249558L,19/5/2021,F0108500W
88,T7889820D,19/5/2021,G9452305U
89,S2503891F,19/5/2021,F4014837W
90,S7753949B,19/5/2021,T8946894E
91,T7864029J,19/5/2021,F9829205P
92,T2848895A,19/5/2021,T6211678H
93,S2160802E,19/5/2021,F9622719K
94,S0204410B,19/5/2021,S5716687H
95,G8736988P,19/5/2021,G6315391K
96,G9217439K,19/5/2021,F3078257R
97,S7362902J,19/5/2021,F0971468P
98,G9131762T,19/5/2021,F2547451K
99,S2022952G,19/5/2021,G2254561U
100,T5758220G,19/5/2021,S1998633J
101,F4058079N,19/5/2021,S0409890J
102,S7961631A,19/5/2021,G9827920U
103,S0094450E,19/5/2021,T6280916C
104,T7458638J,19/5/2021,S3957204D
105,S3822598G,19/5/2021,S3410648G
106,S4728059A,19/5/2021,G3373332T
107,G8339472U,19/5/2021,S0356414B
108,G0921584R,19/5/2021,G7186083W
109,F2901487Q,19/5/2021,T9767734J
110,F0987417T,19/5/2021,F3908325Q
111,G3610663N,19/5/2021,F4014837W
112,T4757952F,19/5/2021,T8946894E
113,G4841384L,19/5/2021,F1961898Q
114,G0673637N,19/5/2021,S1345244Z
115,G2792317N,19/5/2021,S3273884B
116,G7753700M,19/5/2021,G8782336P
117,S4724963E,19/5/2021,F4738845R
118,F9471091W,19/5/2021,T0048250H
119,S3646493C,19/5/2021,G1078344K
120,S0283469C,19/5/2021,G7898536X
121,S1349193C,19/5/2021,F8770001K
122,G3943597M,19/5/2021,F8770001K
123,F4553465X,19/5/2021,G7062327M
124,T1889233I,19/5/2021,T0048250H
125,G5793064R,19/5/2021,G5544613Q
126,F4787119X,19/5/2021,T9063764E
127,T4507644F,19/5/2021,T3107067D
128,F9711727Q,19/5/2021,S2328331Z
129,S7590200Z,19/5/2021,G3577200L
130,T1098934A,19/5/2021,G0606485Q
131,G7080048P,19/5/2021,T7631313F
132,S4050144D,19/5/2021,T1154443B
133,G6486450K,19/5/2021,G6315391K
134,G9637734M,19/5/2021,T3615523F
135,G8734517W,19/5/2021,G7217844R
136,S1253738G,19/5/2021,G5046085T
137,T1199443H,19/5/2021,F6917675P
138,T8543879J,19/5/2021,G9083682Q
139,G4285122T,19/5/2021,F2630918L
140,F3529603N,19/5/2021,T5564966E
141,S3482932B,19/5/2021,G7062327M
142,S6530350G,19/5/2021,T9648016J
143,S8934332A,19/5/2021,T1250075G
144,T3350502C,19/5/2021,F0964349N
145,F4863247P,19/5/2021,F3078257R
146,S6382809B,19/5/2021,T3351505C
147,G4706861X,19/5/2021,F0230858N
148,F1958203P,19/5/2021,F6956976P
149,G3276484W,19/5/2021,S9330586H
150,S2544944D,19/5/2021,G0044819U
151,F3763749K,19/5/2021,F0962010U
152,T8486260B,19/5/2021,G4684438L
153,T3908413E,19/5/2021,T4411351H
154,G6327892R,19/5/2021,G4746730L
155,G3891149Q,19/5/2021,T1154443B
156,S8841900F,19/5/2021,S6624108D
157,F5320937T,19/5/2021,S4420637D
158,G1816354W,19/5/2021,T6508258B
159,S1578386I,19/5/2021,T7478811J
160,S9763034H,19/5/2021,F7138303L
161,F8028416X,19/5/2021,T7478811J
162,F9307852R,19/5/2021,F1120517T
163,S7774190I,19/5/2021,T1250075G
164,T3712091F,19/5/2021,T1250075G
165,F7396629U,19/5/2021,G0132723U
166,S7581635I,19/5/2021,G8044108N
167,F3511929U,19/5/2021,G4786376M
168,S2868062G,19/5/2021,S1705518F
169,G5266566W,19/5/2021,F2630918L
170,T9468632B,19/5/2021,G2388548X
171,S9335326I,19/5/2021,G3443256U
172,S4428497I,19/5/2021,T5411870D
173,T7800160C,19/5/2021,T2854079A
174,S1072596H,19/5/2021,T7730421A
175,F9560784P,19/5/2021,G0368734T
176,G6389484U,19/5/2021,F1084858W
177,T3182774J,19/5/2021,G3216504X
178,F7843050T,19/5/2021,F1740717K
179,G3270516U,19/5/2021,S8967593F
180,G7610733K,19/5/2021,F2652267Q
181,S6054535I,19/5/2021,T6893162I
182,F2738620L,19/5/2021,T7791856B
183,S2385492I,19/5/2021,G7399432U
184,G7418979U,19/5/2021,G7896240U
185,G6314651Q,19/5/2021,F8110450Q
186,T6497542G,19/5/2021,G9718065U
187,T6342915A,19/5/2021,S0863007J
188,S9581588Z,19/5/2021,G6821178L
189,F9067010R,19/5/2021,F6699629T
190,F8853484X,19/5/2021,S1180420I
191,G9246605T,19/5/2021,S4420637D
192,G2347737N,19/5/2021,T5564966E
193,S0181133I,19/5/2021,G2864641R
194,T4463322H,19/5/2021,F7356014N
195,T2167589F,19/5/2021,S4375155G
196,T4580835H,19/5/2021,S7880394J
197,G5135412K,19/5/2021,F0209565M
198,F7650241L,19/5/2021,G6919207L
199,S8494333I,19/5/2021,F8110450Q
200,S5969087F,19/5/2021,T3615523F
201,G1361673L,19/5/2021,S0112513C
202,T3531629E,19/5/2021,S3410648G
203,G5216800M,19/5/2021,G5394597Q
204,G0540793T,19/5/2021,G3577200L
205,S4204448B,19/5/2021,F6815266Q
206,S0206578I,19/5/2021,F3890136L
207,S2695706J,19/5/2021,F3346919P
208,G9065402R,19/5/2021,F9479278U
209,T8916340J,19/5/2021,F5195114W
210,G4352078X,19/5/2021,G6405968N
211,S0667780J,19/5/2021,G6821178L
212,S7001756C,19/5/2021,G5394597Q
213,F9911634W,19/5/2021,F1649274N
214,T6338723H,19/5/2021,G7392609U
215,G1904796U,19/5/2021,G4684438L
216,T2129967C,19/5/2021,T7478811J
217,S2860222G,19/5/2021,F6938913U
218,G4988482L,19/5/2021,T7730421A
219,G2245865K,19/5/2021,T3634815H
220,G4151476R,19/5/2021,S3752868D
221,F6620725X,19/5/2021,T9767734J
222,F2291238X,19/5/2021,G1983786L
223,S1201091E,19/5/2021,F3352768M
224,T8976963E,19/5/2021,T3351505C
225,F4656966X,19/5/2021,T1250075G
226,T1748276E,19/5/2021,F3304951W
227,F1890679K,19/5/2021,T6055250E
228,T6654968I,19/5/2021,F9479278U
229,T7489488C,19/5/2021,F1961898Q
230,G0489476L,19/5/2021,F6818479R
231,T4080620I,19/5/2021,S7414048C
232,S2826807F,19/5/2021,F4185070K
233,G4848336X,19/5/2021,G5802896M
234,F6258013P,19/5/2021,T9832954J
235,T2605684A,19/5/2021,F6917675P
236,T3775505I,19/5/2021,S1906180I
237,S7137996E,19/5/2021,F0117815Q
238,T8578887B,19/5/2021,S3265335I
239,G0944837W,19/5/2021,G7186083W
240,S5912338F,19/5/2021,G5802896M
241,G9365614N,19/5/2021,T7791856B
242,S6492638A,19/5/2021,F9768524W
243,G1670655N,19/5/2021,F6084973X
244,S4513099A,19/5/2021,T3084069G
245,S9851063Z,19/5/2021,F1120517T
246,F1573307K,19/5/2021,G8782336P
247,S1918244D,19/5/2021,T6055250E
248,T7209241J,19/5/2021,T0241642A
249,T6083352J,19/5/2021,T3615523F
250,F8551726X,19/5/2021,S0122796C
251,T7637653G,19/5/2021,S7324186C
252,T7235871B,19/5/2021,F1084858W
253,G1611034K,19/5/2021,S3364118D
254,G8004607W,19/5/2021,F6174329N
255,T5388750Z,19/5/2021,T3071494B
256,G8810817K,19/5/2021,F2504293W
257,G1457918X,19/5/2021,T7952373E
258,S2046554I,19/5/2021,S6553370G
259,S6890091C,19/5/2021,F1649274N
260,F7796736L,19/5/2021,F9764541T
261,S9470362Z,19/5/2021,G4746730L
262,T6612108E,19/5/2021,S3265335I
263,F2935099W,19/5/2021,S7058080B
264,G8104268W,19/5/2021,S3273884B
265,S0774754C,19/5/2021,F1961898Q
266,F1918326L,19/5/2021,G4089595M
267,F2759142Q,19/5/2021,S3957204D
268,G6150136W,19/5/2021,F8770001K
269,T9198826C,19/5/2021,G3577200L
270,S7052138E,19/5/2021,G3628338L
271,S2434715Z,19/5/2021,G3923759N
272,S0232886J,19/5/2021,F7356014N
273,G9131845N,19/5/2021,T4216673H
274,T3445649B,19/5/2021,G1115971R
275,S7102491A,19/5/2021,G8552546N
276,S1254313A,19/5/2021,F3890136L
277,S2191451G,19/5/2021,F9128259M
278,F4324495R,19/5/2021,G3469048R
279,G6141348R,19/5/2021,G3469048R
280,F9822253R,19/5/2021,T5564966E
281,S9172319J,19/5/2021,F2624537X
282,G2586023W,19/5/2021,G6149236X
283,F5273595P,19/5/2021,F2393449M
284,T9084665A,19/5/2021,F3078257R
285,S4780773E,19/5/2021,S0409890J
286,S0159164I,19/5/2021,T4710584B
287,S8042181H,19/5/2021,G3804029X
288,T1310330A,19/5/2021,S1906180I
289,F4572290L,19/5/2021,F5567364X
290,T5631144G,19/5/2021,G4275682U
291,T7496406G,19/5/2021,G5046085T
292,T6090421E,19/5/2021,F2630918L
293,T2533157A,19/5/2021,G1115971R
294,S1536526I,19/5/2021,T9832954J
295,T7519422B,19/5/2021,T5390875B
296,G2646397T,19/5/2021,S3364118D
297,S9909115J,19/5/2021,S9330586H
298,T3540024E,19/5/2021,S1345244Z
299,S6896682E,19/5/2021,S6810480G
300,T3147595Z,19/5/2021,G3373332T
301,T0182369D,19/5/2021,F8478107W
302,F2880228P,19/5/2021,G5708128M
303,F1661350U,19/5/2021,G7896240U
304,T5719993D,19/5/2021,G7896240U
305,S3894959D,19/5/2021,T3315630D
306,G7589026K,19/5/2021,T2854079A
307,G8771373W,19/5/2021,G8720997R
308,G6404081U,19/5/2021,F0206290U
309,T8125460A,19/5/2021,F6956976P
310,S2177868J,19/5/2021,S6810480G
311,F9437809P,19/5/2021,F9764541T
312,G6777527P,19/5/2021,F1113931X
313,F2025683N,19/5/2021,F8110450Q
314,S4296931A,19/5/2021,G7186083W
315,G8078557M,19/5/2021,S3294959B
316,F0328828P,19/5/2021,G6888856K
317,S7446775Z,19/5/2021,G2864641R
318,T0067951D,19/5/2021,F1071487R
319,F4959234P,19/5/2021,S3477117J
320,F4910069T,19/5/2021,T8095868J
321,G2162442Q,19/5/2021,S1598313B
322,T7043352J,19/5/2021,S4927537D
323,T6684704C,19/5/2021,S4602344G
324,G1583490R,19/5/2021,S0335916F
325,T7137525G,19/5/2021,G7672643X
326,S9634820G,19/5/2021,G8970055N
327,G0164801U,19/5/2021,G9452305U
328,G9586037R,19/5/2021,S4375155G
329,T4677994G,19/5/2021,T0115353B
330,G2476911P,19/5/2021,F2652267Q
331,F1987070R,19/5/2021,T9767734J
332,S4482964I,19/5/2021,T2589344H
333,G5245597P,19/5/2021,S0863007J
334,G7399432U,19/5/2021,F3352768M
335,F7525683M,19/5/2021,F9964785W
336,F8110450Q,19/5/2021,F1961898Q
337,T4372543I,19/5/2021,S3294959B
338,S3273884B,19/5/2021,F2504293W
339,S4274799H,19/5/2021,S1998633J
340,T2342768G,19/5/2021,F1082033L
341,G6263074X,19/5/2021,G5802896M
342,G2864641R,19/5/2021,G3216504X
343,F5585542X,19/5/2021,S8414965I
344,F0608986X,19/5/2021,S0863007J
345,S3957204D,19/5/2021,S7880394J
346,T2953628C,19/5/2021,G5245597P
347,S2092527B,19/5/2021,G7392609U
348,T5221888D,19/5/2021,F3078257R
349,F9341643X,19/5/2021,S1998633J
350,S4602344G,19/5/2021,S3083306F
351,G1140308K,19/5/2021,S3364118D
352,G9718065U,19/5/2021,T9192434F
353,T6998990F,19/5/2021,G9718065U
354,T3695407D,19/5/2021,T1154443B
355,T1636661C,19/5/2021,F5195114W
356,G4746730L,19/5/2021,T1636661C
357,G1983786L,19/5/2021,T3351505C
358,G0044819U,19/5/2021,G0044819U
359,S3410648G,19/5/2021,S3758462B
360,S4773658G,19/5/2021,F6917675P
361,S1333381E,19/5/2021,T9226308D
362,T3681100A,19/5/2021,S1180420I
363,F2504293W,19/5/2021,T3084069G
364,G3516174R,19/5/2021,G7898536X
365,G7392609U,19/5/2021,S0433098F
366,G1078344K,19/5/2021,T8091099H
367,G6919207L,19/5/2021,S3758462B
368,G4578095W,19/5/2021,T4411351H
369,G0368734T,19/5/2021,F8478107W
370,T7401463H,19/5/2021,G8416161L
371,F5567364X,19/5/2021,G5429221Q
372,G8779175R,19/5/2021,T9063764E
373,T9902624Z,19/5/2021,S1345244Z
374,T9000792G,19/5/2021,T9552714G
375,T1436057Z,19/5/2021,T0261074J
376,G8639080P,19/5/2021,T7401463H
377,F8770001K,19/5/2021,T3338579F
378,F3532493M,19/5/2021,F1046915P
379,T7952373E,19/5/2021,T6329975D
380,S6608953C,19/5/2021,T7730421A
381,S9330586H,19/5/2021,T4870464B
382,T7626462C,19/5/2021,G1115971R
383,G5544613Q,19/5/2021,S8876628H
384,G7896240U,19/5/2021,T7631313F
385,F9964785W,19/5/2021,G2864641R
386,F4014837W,19/5/2021,G9827920U
387,F2405485M,19/5/2021,T4870464B
388,G3387506T,19/5/2021,F3908325Q
389,T7631313F,19/5/2021,T5748511B
390,F0691928Q,19/5/2021,S1333381E
391,S8841747Z,19/5/2021,S5566962G
392,T1721784J,19/5/2021,G3608436M
393,G4089595M,19/5/2021,F8770001K
394,T1124524I,19/5/2021,S1598313B
395,S1998633J,19/5/2021,T5748511B
396,G8782336P,19/5/2021,F8770001K
397,F1084858W,19/5/2021,T7926616C
398,T8091099H,19/5/2021,F6818479R
399,T7452094J,19/5/2021,T9525968A
400,S8414965I,19/5/2021,T7401463H
401,F7564373W,19/5/2021,F6956976P
402,T6004900E,19/5/2021,G5417797L
403,F9778782N,19/5/2021,G3469048R
404,T2526774A,19/5/2021,T3681100A
405,G4715054Q,19/5/2021,F5351361K
406,G8337836R,19/5/2021,G6888856K
407,G9101575M,19/5/2021,F2547451K
408,G7898536X,19/5/2021,G8955212K
409,G6149236X,19/5/2021,T7672150A
410,S1548585Z,19/5/2021,G3804029X
411,S2449465I,19/5/2021,G7399432U
412,T9552714G,19/5/2021,G4275682U
413,F6699629T,19/5/2021,T7481482J
414,F1046915P,19/5/2021,F6815266Q
415,F6956976P,19/5/2021,G3469048R
416,T9648016J,19/5/2021,S4927537D
417,G5179916Q,19/5/2021,G8044108N
418,F9128259M,19/5/2021,S7414048C
419,S3800081J,19/5/2021,S3752868D
420,F8478107W,19/5/2021,S8841747Z
421,T7291335Z,19/5/2021,S9330586H
422,F9569978L,19/5/2021,T8575203G
423,G2388548X,19/5/2021,F9768524W
424,T0169039B,19/5/2021,F3346919P
425,S0433098F,19/5/2021,T4411351H
426,F3908325Q,19/5/2021,G2833316T
427,F0964349N,19/5/2021,S6553370G
428,F1896935K,19/5/2021,T2589344H
429,G5394597Q,19/5/2021,T9525968A
430,F0971468P,19/5/2021,F0964349N
431,F2393449M,19/5/2021,T1086942G
432,F5044387Q,19/5/2021,T7631313F
433,S0356414B,19/5/2021,G6888856K
434,T3800949J,19/5/2021,S1180420I
435,T3615523F,19/5/2021,S8054357C
436,F8986318W,19/5/2021,T0261074J
437,F5195114W,19/5/2021,F5567364X
438,G4590126U,19/5/2021,F9768524W
439,F3890136L,19/5/2021,T7291335Z
440,F4133456T,19/5/2021,T5390875B
441,F0209565M,19/5/2021,G3216504X
442,F3304951W,19/5/2021,G8175198L
443,G2833316T,19/5/2021,T6508258B
444,T6211678H,19/5/2021,S1333381E
445,T6508258B,19/5/2021,S5716687H
446,T7791856B,19/5/2021,F9964785W
447,G0568145L,19/5/2021,T9832954J
448,S8674216J,19/5/2021,F6084973X
449,S0390013D,19/5/2021,G1078344K
450,T4205889G,19/5/2021,T1003053B
451,G3713473U,19/5/2021,F6956976P
452,F1961898Q,19/5/2021,F9750533X
453,F2630918L,19/5/2021,G6263074X
454,T4710584B,19/5/2021,F9341643X
455,S6624108D,19/5/2021,G9827920U
456,G4275682U,19/5/2021,G8044108N
457,F2652267Q,19/5/2021,G2254561U
458,F6917675P,19/5/2021,T6329975D
459,T9525968A,19/5/2021,F9479278U
460,S3265335I,19/5/2021,T7466629E
461,T9192434F,19/5/2021,G4590126U
462,G3804029X,19/5/2021,T1432664I
463,F1113931X,19/5/2021,T5390875B
464,G4684438L,19/5/2021,S6810480G
465,S1583361J,19/5/2021,G6315391K
466,F8976348R,19/5/2021,S4420637D
467,F1071487R,19/5/2021,G5797205Q
468,T7926616C,19/5/2021,T9832954J
469,T5202527Z,19/5/2021,S2085770F
470,T3739767E,19/5/2021,F5567364X
471,G8044108N,19/5/2021,S9518610F
472,F3316054L,19/5/2021,F1071487R
473,G6405968N,19/5/2021,S1598313B
474,T3107067D,19/5/2021,F0364826P
475,G8970055N,19/5/2021,G8416161L
476,F1649274N,19/5/2021,T9528649B
477,S5716687H,19/5/2021,S9330586H
478,G2874606M,19/5/2021,G7898536X
479,G9452305U,19/5/2021,S4927537D
480,T6329975D,19/5/2021,S3265335I
481,F4653238N,19/5/2021,F2504293W
482,S1906180I,19/5/2021,G9827920U
483,S6553370G,19/5/2021,T7626462C
484,T7478811J,19/5/2021,S0356414B
485,T3071494B,19/5/2021,G8779175R
486,S5566962G,19/5/2021,T9767734J
487,G3373332T,19/5/2021,T2589344H
488,F9622719K,19/5/2021,F7525683M
489,T0261074J,19/5/2021,G3469048R
490,G3443256U,19/5/2021,S3364118D
491,G7186083W,19/5/2021,T2953628C
492,T9528649B,19/5/2021,T6537697G
493,T1086942G,19/5/2021,T2589344H
494,G9083682Q,19/5/2021,T1250075G
495,S8876628H,19/5/2021,S7058080B
496,F0686867M,19/5/2021,G6315391K
497,F0117815Q,19/5/2021,G0368734T
498,T8095868J,19/5/2021,S7414048C
499,G8416161L,19/5/2021,G5802896M
500,F0108500W,19/5/2021,F1896935K
501,G2599096Q,19/5/2021,F2624537X
502,S4375155G,19/5/2021,G7896240U
503,S8054357C,19/5/2021,G7392609U
504,T4793129G,19/5/2021,S2092527B
505,T5390875B,19/5/2021,F5567364X
506,T0115353B,19/5/2021,G0706206R
507,G0434900N,19/5/2021,T7452094J
508,S7892041F,19/5/2021,G4746730L
509,G8955212K,19/5/2021,S2085770F
510,T1154443B,19/5/2021,S1705518F
511,F1120517T,19/5/2021,G6619100T
512,S4317371E,19/5/2021,G2833316T
513,T9063764E,19/5/2021,F5044387Q
514,G6729663Q,19/5/2021,F2652267Q
515,G8552546N,19/5/2021,G7217844R
516,S1345244Z,19/5/2021,F5351361K
517,S0896926D,19/5/2021,T7631313F
518,T5564966E,19/5/2021,F8927955X
519,F8927955X,19/5/2021,S0409890J
520,G3628338L,19/5/2021,G3443256U
521,S3083306F,19/5/2021,F8927955X
522,T4004654I,19/5/2021,T5413193Z
523,T5413193Z,19/5/2021,T9832954J
524,F4738845R,19/5/2021,G4746730L
525,T8947336A,19/5/2021,T6508258B
526,G5429221Q,19/5/2021,G1140308K
527,F2547451K,19/5/2021,F9964785W
528,G8331825U,19/5/2021,F0608986X
529,G0132723U,19/5/2021,F5567364X
530,F9768524W,19/5/2021,S0409890J
531,S9213095I,19/5/2021,S7880394J
532,S0409890J,19/5/2021,F5564875K
533,S0335916F,19/5/2021,S4927537D
534,G8502410N,19/5/2021,F1649274N
535,T2018224A,19/5/2021,S0896926D
536,T8946894E,19/5/2021,T1432664I
537,F0364826P,19/5/2021,T7791856B
538,S1180420I,19/5/2021,S1598313B
539,G6619100T,19/5/2021,F9622719K
540,S4420637D,19/5/2021,G3516174R
541,G3923759N,19/5/2021,G2254561U
542,F3352768M,19/5/2021,T7466629E
543,G2254561U,19/5/2021,F2652267Q
544,F9829205P,19/5/2021,S6518511C
545,S7324186C,19/5/2021,S8054357C
546,S7880394J,19/5/2021,F0230858N
547,S3294959B,19/5/2021,F2646744Q
548,F7356014N,19/5/2021,S1548585Z
549,T0048250H,19/5/2021,T3800949J
550,S3752868D,19/5/2021,F9622719K
551,S6524191I,19/5/2021,T1432664I
552,S6810480G,19/5/2021,G6357287Q
553,T4216673H,19/5/2021,G8502410N
554,T2589344H,19/5/2021,T3634815H
555,G5046085T,19/5/2021,T3107067D
556,F0206290U,19/5/2021,T2342768G
557,T1432664I,19/5/2021,G4089595M
558,T9832954J,19/5/2021,T6893162I
559,F6084973X,19/5/2021,F2652267Q
560,T6893162I,19/5/2021,S2449465I
561,S1449094I,19/5/2021,S0863007J
562,T5748511B,19/5/2021,S0433098F
563,G1043051N,19/5/2021,G3804029X
564,F7138303L,19/5/2021,F6174329N
565,S5783713F,19/5/2021,F8927955X
566,S0122796C,19/5/2021,S3265335I
567,G9827920U,19/5/2021,T8989701C
568,G6888856K,19/5/2021,F9778782N
569,T0241642A,19/5/2021,F7138303L
570,G7217844R,19/5/2021,F0364826P
571,T8575203G,19/5/2021,F5195114W
572,G7062327M,19/5/2021,G1739050W
573,T2854079A,19/5/2021,F6938913U
574,S0257771B,19/5/2021,G8175198L
575,S7058080B,19/5/2021,G9452305U
576,F2646744Q,19/5/2021,S1345244Z
577,T1250075G,19/5/2021,S6524191I
578,G1115971R,19/5/2021,T4205889G
579,G3216504X,19/5/2021,G5802896M
580,S7414048C,19/5/2021,G5544613Q
581,T8989701C,19/5/2021,T1124524I
582,S3974583F,19/5/2021,G9101575M
583,T3634815H,19/5/2021,F5195114W
584,T3084069G,19/5/2021,T4870464B
585,T1003053B,19/5/2021,T9000792G
586,T4411351H,19/5/2021,S7632375E
587,T4870464B,19/5/2021,S0409890J
588,G5797205Q,19/5/2021,G4590126U
589,S0112513C,19/5/2021,F6818479R
590,F3679987X,19/5/2021,G0132723U
591,G5802896M,19/5/2021,S7324186C
592,S7632375E,19/5/2021,G0706206R
593,G2086964Q,19/5/2021,G3216504X
594,S1598313B,19/5/2021,F7356014N
595,F2855743N,19/5/2021,F6938913U
596,S1705518F,19/5/2021,S8054357C
597,F5564875K,19/5/2021,G6821178L
598,S2085770F,19/5/2021,F0971468P
599,F0962010U,19/5/2021,S6810480G
600,F0230858N,19/5/2021,S2085770F
601,S7994218I,19/5/2021,S3974583F
602,F6174329N,19/5/2021,S3294959B
603,F2842025X,19/5/2021,G4275682U
604,T7481482J,19/5/2021,T8176468E
605,S3364118D,19/5/2021,S0409890J
606,F5351361K,19/5/2021,S7058080B
607,S8610612D,19/5/2021,T2342768G
608,G6315391K,19/5/2021,F0364826P
609,F8734092U,19/5/2021,F8734092U
610,F9479278U,19/5/2021,G8639080P
611,F6938913U,19/5/2021,G8175198L
612,G6357287Q,19/5/2021,F6818479R
613,G5708128M,19/5/2021,S6524191I
614,F3078257R,19/5/2021,F2504293W
615,T8176468E,19/5/2021,G8044108N
616,T6280916C,19/5/2021,G8331825U
617,T3315630D,19/5/2021,F0209565M
618,G4786376M,19/5/2021,S1583361J
619,G5417797L,19/5/2021,F5567364X
620,F9750533X,19/5/2021,F0962010U
621,T7730421A,19/5/2021,S3273884B
622,F9764541T,19/5/2021,T3634815H
623,S4927537D,19/5/2021,S8674216J
624,G6821178L,19/5/2021,T2018224A
625,S3477117J,19/5/2021,G3923759N
626,G8720997R,19/5/2021,G8416161L
627,T5712006H,19/5/2021,F7138303L
628,G0706206R,19/5/2021,F2630918L
629,T8802331A,19/5/2021,G6405968N
630,F1740717K,19/5/2021,F2624537X
631,G0606485Q,19/5/2021,S6518511C
632,T5411870D,19/5/2021,T6998990F
633,T9213050E,19/5/2021,T9902624Z
634,T6537697G,19/5/2021,G8720997R
635,T3351505C,19/5/2021,T3084069G
636,S6518511C,19/5/2021,T0241642A
637,T7466629E,19/5/2021,T8575203G
638,F6815266Q,19/5/2021,S0896926D
639,S8967593F,19/5/2021,G9452305U
640,S9518610F,19/5/2021,F9750533X
641,T4865793H,19/5/2021,T0241642A
642,F3702569X,19/5/2021,T0115353B
643,G3469048R,19/5/2021,F8770001K
644,F4185070K,19/5/2021,T1003053B
645,G7672643X,19/5/2021,S7414048C
646,T9767734J,19/5/2021,S3477117J
647,F1082033L,19/5/2021,T8095868J
648,T6055250E,19/5/2021,G3469048R
649,S2328331Z,19/5/2021,G3804029X
650,G8175198L,19/5/2021,T8575203G
651,F2624537X,19/5/2021,T6280916C
652,G3577200L,19/5/2021,G5797205Q
653,F3346919P,19/5/2021,G7407807P
654,T3338579F,19/5/2021,G0181515L
655,G7407807P,19/5/2021,F8986318W
656,S3758462B,19/5/2021,S1449094I
657,T9226308D,19/5/2021,S1333381E
658,S0863007J,19/5/2021,T9648016J
659,F2177749T,19/5/2021,F3679987X
660,G1739050W,19/5/2021,S3957204D
661,F6818479R,19/5/2021,G8782336P
662,G0181515L,19/5/2021,F9768524W
663,G3608436M,19/5/2021,G8779175R
664,T7672150A,19/5/2021,G5245597P
665,F8437303Q,19/5/2021,F0108500W
666,F7929941M,19/5/2021,T5413193Z
667,F0502982K,19/5/2021,S4375155G
668,F7059003N,19/5/2021,F3702569X
669,S2097439G,19/5/2021,T6211678H
670,G3525394M,19/5/2021,T7401463H
671,S8560037J,19/5/2021,T9552714G
672,S2104941G,19/5/2021,S7880394J
673,T8496507Z,19/5/2021,F8927955X
674,S2550708H,19/5/2021,G0606485Q
675,G1725936P,19/5/2021,T3107067D
676,S4229436E,19/5/2021,T2589344H
677,T9562007D,19/5/2021,G6357287Q
678,T7224580B,19/5/2021,G8331825U
679,S0827410Z,19/5/2021,F1084858W
680,G7495394N,19/5/2021,G4746730L
681,G9224957W,19/5/2021,S0257771B
682,T8586332G,19/5/2021,S8841747Z
683,T9135788C,19/5/2021,F3702569X
684,G5095482Q,19/5/2021,T4372543I
685,F9819803L,19/5/2021,T2854079A
686,F2939161X,19/5/2021,S3800081J
687,T4508464C,19/5/2021,F9479278U
688,G9200295R,19/5/2021,S4602344G
689,G8187993T,19/5/2021,T6280916C
690,F6098090W,19/5/2021,G4684438L
691,G3742638K,19/5/2021,S9213095I
692,T1501418G,19/5/2021,F6956976P
693,G9500037T,19/5/2021,F0608986X
694,T3507608A,19/5/2021,G0568145L
695,T0138502F,19/5/2021,G0434900N
696,F3595021N,19/5/2021,T0048250H
697,F7008190M,19/5/2021,F6917675P
698,S1137426C,19/5/2021,T6537697G
699,G7666157Q,19/5/2021,S7058080B
700,G5463035U,19/5/2021,T3695407D
701,G5443076R,19/5/2021,G3804029X
702,S3657716I,19/5/2021,T9213050E
703,S4156584E,19/5/2021,G4089595M
704,S1932412E,19/5/2021,T5411870D
705,S5060508F,19/5/2021,T6329975D
706,F2829119K,19/5/2021,S4317371E
707,S9072960H,19/5/2021,F8976348R
708,F4395704W,19/5/2021,T3084069G
709,T4711897I,19/5/2021,S0433098F
710,S4220260F,19/5/2021,G0606485Q
711,S8515233E,19/5/2021,T3107067D
712,F2263346P,19/5/2021,G8175198L
713,S7047131J,19/5/2021,T4865793H
714,G0116701X,19/5/2021,G6263074X
715,T6787490G,19/5/2021,G4590126U
716,S8410535Z,19/5/2021,F6956976P
717,G5494679T,19/5/2021,G5179916Q
718,S8119334G,19/5/2021,F6938913U
719,S1943453B,19/5/2021,T0115353B
720,G4587578X,19/5/2021,T3338579F
721,T7136921D,19/5/2021,G3387506T
722,G0273520U,19/5/2021,F4133456T
723,T2594427A,19/5/2021,G7217844R
724,S4969034G,19/5/2021,S3364118D
725,S2340700J,19/5/2021,F6815266Q
726,G5217105P,19/5/2021,S0356414B
727,G1435210X,19/5/2021,F0608986X
728,F1950148P,19/5/2021,G5245597P
729,F1745928R,19/5/2021,F5195114W
730,T0904037J,19/5/2021,T0261074J
731,T6320560A,19/5/2021,T3800949J
732,F0197451M,19/5/2021,S6810480G
733,F6904119K,19/5/2021,S0122796C
734,F3713985T,19/5/2021,S3364118D
735,F8788138P,19/5/2021,F4738845R
736,F3400490X,19/5/2021,G3469048R
737,G7841569Q,19/5/2021,G7392609U
738,S2623307J,19/5/2021,T1124524I
739,S5202389J,19/5/2021,F2630918L
740,F3836708X,19/5/2021,F5567364X
741,G5850980P,19/5/2021,G5544613Q
742,T7561360H,19/5/2021,S0112513C
743,T8611712B,19/5/2021,G1115971R
744,S8237957F,19/5/2021,F4185070K
745,G3248728P,19/5/2021,T2342768G
746,S6341588Z,19/5/2021,F6815266Q
747,G9879661X,19/5/2021,F8734092U
748,T8169479B,19/5/2021,T9528649B
749,S6737104F,19/5/2021,F1084858W
750,F9414785U,19/5/2021,S4602344G
751,G4601056L,19/5/2021,T0115353B
752,S1044271J,19/5/2021,S5783713F
753,S5746206Z,19/5/2021,T2342768G
754,S6112269I,19/5/2021,G1115971R
755,T0445621H,19/5/2021,F9964785W
756,G1900071R,19/5/2021,F2630918L
757,T6959194E,19/5/2021,G5797205Q
758,S8679092J,19/5/2021,T6211678H
759,T0220838A,19/5/2021,S0356414B
760,F3001312M,19/5/2021,G5802896M
761,T2484079J,19/5/2021,F3352768M
762,F2769694P,19/5/2021,F8110450Q
763,G9581887R,19/5/2021,F0364826P
764,G2567540T,19/5/2021,T2589344H
765,F9403420P,19/5/2021,T6280916C
766,S0546419F,19/5/2021,T9525968A
767,S0302824J,19/5/2021,T9063764E
768,S3695336E,19/5/2021,G9827920U
769,F3498041K,19/5/2021,F3532493M
770,S8423422B,19/5/2021,S3477117J
771,S5778971I,19/5/2021,T3739767E
772,G5933815W,19/5/2021,F8770001K
773,G7392831T,19/5/2021,G1115971R
774,G4758564W,19/5/2021,G1078344K
775,T2802441F,19/5/2021,F2393449M
776,T6414972A,19/5/2021,G7186083W
777,G6422024T,19/5/2021,S0896926D
778,S5591110Z,19/5/2021,G0132723U
779,F7839009M,19/5/2021,T7631313F
780,S3506413C,19/5/2021,G6919207L
781,S9782103H,19/5/2021,S4420637D
782,F4812109T,19/5/2021,F3352768M
783,T9183703F,19/5/2021,S8967593F
784,G3430619U,19/5/2021,S0356414B
785,S5650733G,19/5/2021,F2652267Q
786,F6956231X,19/5/2021,T4870464B
787,S3652152Z,19/5/2021,T9552714G
788,S1200731J,19/5/2021,G3628338L
789,G0925637M,19/5/2021,G7399432U
790,F9338851T,19/5/2021,S6524191I
791,S3272486H,19/5/2021,F1896935K
792,F3801810T,19/5/2021,T6508258B
793,T5885314Z,19/5/2021,S1998633J
794,F8685334P,19/5/2021,F9778782N
795,F1615705T,19/5/2021,F3304951W
796,G9965224T,19/5/2021,G6357287Q
797,T7873037J,19/5/2021,F8986318W
798,T6259376D,19/5/2021,F3352768M
799,T5550060B,19/5/2021,T4865793H
800,G5673182U,19/5/2021,T5712006H
801,S6397901E,19/5/2021,G5046085T
802,S4719955G,19/5/2021,S0112513C
803,T7030437B,19/5/2021,T5748511B
804,F5077862L,19/5/2021,S3800081J
805,S5239981E,19/5/2021,F6917675P
806,F5171198W,19/5/2021,G9718065U
807,T6708363B,19/5/2021,T9192434F
808,S4872415I,19/5/2021,T7730421A
809,F3479307R,19/5/2021,F5567364X
810,S0457571G,19/5/2021,T3615523F
811,S4172463C,19/5/2021,F8478107W
812,S5664937I,19/5/2021,T2589344H
813,S5423869Z,19/5/2021,F2504293W
814,F2292505U,19/5/2021,G3608436M
815,F4685800W,19/5/2021,G2874606M
816,G9399957L,19/5/2021,G1078344K
817,G0206171L,19/5/2021,G7672643X
818,G7898120U,19/5/2021,S4375155G
819,T9930567Z,19/5/2021,S1333381E
820,G7845138L,19/5/2021,T2953628C
821,F9507705Q,19/5/2021,G3577200L
822,S8521956A,19/5/2021,T7626462C
823,S5200307E,19/5/2021,T9767734J
824,G6157556T,19/5/2021,F6956976P
825,S7689550C,19/5/2021,T9648016J
826,G8506253R,19/5/2021,G4275682U
827,S2701098I,19/5/2021,G6315391K
828,S5129681H,19/5/2021,S4375155G
829,G1513637K,19/5/2021,F2652267Q
830,F7496394M,19/5/2021,F2504293W
831,F4356013K,19/5/2021,G1078344K
832,G1648606Q,19/5/2021,F9479278U
833,S1450827I,19/5/2021,S0112513C
834,S1274478A,19/5/2021,S0257771B
835,F8063368T,19/5/2021,S7324186C
836,F3290604N,19/5/2021,S2092527B
837,G3101810U,19/5/2021,T1003053B
838,S1090203G,19/5/2021,S0433098F
839,T2281346Z,19/5/2021,T2342768G
840,S9275892C,19/5/2021,T9832954J
841,G5918668Q,19/5/2021,G0132723U
842,G6377319R,19/5/2021,F0971468P
843,T2058947C,19/5/2021,F6815266Q
844,F4809962U,19/5/2021,T9832954J
845,T0825108D,19/5/2021,T3800949J
846,S1111723F,19/5/2021,T5221888D
847,T5206395C,19/5/2021,F1113931X
848,T2910021C,19/5/2021,T5413193Z
849,F7203776Q,19/5/2021,G0132723U
850,S0854566I,19/5/2021,G7392609U
851,F4070411Q,19/5/2021,T8575203G
852,T2864628Z,19/5/2021,T9552714G
853,T4714610G,19/5/2021,F6917675P
854,F1845285P,19/5/2021,F8976348R
855,S0202470E,19/5/2021,G3469048R
856,F2434584W,19/5/2021,G0044819U
857,G4130478U,19/5/2021,F6818479R
858,T9223851I,19/5/2021,S8841747Z
859,S9639334B,19/5/2021,S2449465I
860,G6569655Q,19/5/2021,S3294959B
861,S8304842E,19/5/2021,S3265335I
862,S0760881J,19/5/2021,F9750533X
863,F9527827L,19/5/2021,S7058080B
864,T3620660D,19/5/2021,F7356014N
865,S5286327I,19/5/2021,T8095868J
866,S1919652F,19/5/2021,G8782336P
867,T7356494D,19/5/2021,F3316054L
868,S2125236J,19/5/2021,G6149236X
869,G9612253K,19/5/2021,G3443256U
870,G3112053K,19/5/2021,G5417797L
871,T6650437E,19/5/2021,S4602344G
872,S7607787H,19/5/2021,S4773658G
873,F8203114Q,19/5/2021,G2874606M
874,T3761030A,19/5/2021,F5044387Q
875,G0010381R,19/5/2021,G3804029X
876,T5315103A,19/5/2021,F7356014N
877,T9079977G,19/5/2021,G0044819U
878,S7012518H,19/5/2021,G8337836R
879,F6847690U,19/5/2021,G5417797L
880,G6501102L,19/5/2021,S3800081J
881,S1047720D,19/5/2021,G3216504X
882,G3804292R,19/5/2021,T4205889G
883,T5915467I,19/5/2021,T0048250H
884,F2469290Q,19/5/2021,G1043051N
885,S7929339C,19/5/2021,F1113931X
886,F6396844R,19/5/2021,G4746730L
887,F0105826Q,19/5/2021,G0568145L
888,F0527042K,19/5/2021,S3265335I
889,T5358886C,19/5/2021,T7481482J
890,S2221826C,19/5/2021,S1906180I
891,G4038778T,19/5/2021,G4578095W
892,S3078175I,19/5/2021,T6004900E
893,F8936846N,19/5/2021,G0368734T
894,T2229524H,19/5/2021,T4411351H
895,G6656713W,19/5/2021,G9827920U
896,S6410721F,19/5/2021,T3634815H
897,G3238556M,19/5/2021,G8175198L
898,G8568324T,19/5/2021,G4275682U
899,G0089652M,19/5/2021,T3338579F
900,S2346695C,19/5/2021,G2864641R
901,S4959978A,19/5/2021,T1154443B
902,S6242544Z,19/5/2021,F1046915P
903,G2287892T,19/5/2021,F9128259M
904,S7327791D,19/5/2021,S0257771B
905,S3497014I,19/5/2021,F1961898Q
906,G6968299K,19/5/2021,S6624108D
907,G8571876U,19/5/2021,T9528649B
908,S5884809C,19/5/2021,S0257771B
909,F4901805M,19/5/2021,S8414965I
910,T7298278E,19/5/2021,F8478107W
911,G5296717T,19/5/2021,G8502410N
912,G9655716M,19/5/2021,S8054357C
913,G6487373W,19/5/2021,T1124524I
914,S1183069B,19/5/2021,G8720997R
915,T5121265C,19/5/2021,S0390013D
916,T9268762C,19/5/2021,G3469048R
917,S3877624Z,19/5/2021,G8044108N
918,G5593731T,19/5/2021,S0896926D
919,F5608082K,19/5/2021,F8478107W
920,S8489749C,19/5/2021,F3346919P
921,S8151669C,19/5/2021,G5429221Q
922,F0986649M,19/5/2021,G2388548X
923,G4562021U,19/5/2021,F1961898Q
924,S9925724E,19/5/2021,T7466629E
925,S9218223A,19/5/2021,G9718065U
926,S6455121C,19/5/2021,F0364826P
927,G0320471K,19/5/2021,F9622719K
928,G6034398K,19/5/2021,G6149236X
929,S3100083A,19/5/2021,F1071487R
930,T3468664A,19/5/2021,T3107067D
931,G3458731R,19/5/2021,F9479278U
932,T7134378I,19/5/2021,T9832954J
933,F6563339Q,19/5/2021,F0108500W
934,T0697049J,19/5/2021,F9764541T
935,T1660320H,19/5/2021,F2646744Q
936,S6917337C,19/5/2021,S1906180I
937,S8376398A,19/5/2021,G0044819U
938,F7375418Q,19/5/2021,S2092527B
939,F8445534L,19/5/2021,G8779175R
940,S8538166J,19/5/2021,G8337836R
941,G7389364Q,19/5/2021,T4793129G
942,T2716406J,19/5/2021,S3364118D
943,F1499985W,19/5/2021,G1115971R
944,F9460513W,19/5/2021,S7324186C
945,T8234828F,19/5/2021,G6357287Q
946,S2133630J,19/5/2021,G5708128M
947,G8610597M,19/5/2021,S3800081J
948,G0912955W,19/5/2021,T0048250H
949,S1765888C,19/5/2021,F3352768M
950,S7783807D,19/5/2021,G0368734T
951,G9317391R,19/5/2021,G8337836R
952,T2487689B,19/5/2021,G8552546N
953,T7035240G,19/5/2021,T9226308D
954,G7106743U,19/5/2021,G5394597Q
955,T3158436H,19/5/2021,T0048250H
956,F6492423X,19/5/2021,F9768524W
957,S7622002F,19/5/2021,G3713473U
958,S7315542H,19/5/2021,F3304951W
959,F1264927N,19/5/2021,F5564875K
960,G4568584K,19/5/2021,T3695407D
961,G3383481R,19/5/2021,S7414048C
962,G5176232R,19/5/2021,G8502410N
963,S9414953C,19/5/2021,G3923759N
964,S3461996D,19/5/2021,S0122796C
965,G6705261M,19/5/2021,T5202527Z
966,S7957875D,19/5/2021,S3752868D
967,F8436299U,19/5/2021,F2504293W
968,T4373459D,19/5/2021,S1906180I
969,F1244341L,19/5/2021,G1115971R
970,F8268081X,19/5/2021,T1436057Z
971,S4788513B,19/5/2021,S0112513C
972,F5767386U,19/5/2021,T8947336A
973,F4943809P,19/5/2021,S0896926D
974,F2459614K,19/5/2021,G8552546N
975,F9145991N,19/5/2021,F9764541T
976,G7610292P,19/5/2021,F0691928Q
977,T5282802Z,19/5/2021,F4738845R
978,T0885970H,19/5/2021,F2646744Q
979,G2095880X,19/5/2021,T1086942G
980,T1580929E,19/5/2021,T6211678H
981,F5504837K,19/5/2021,T9832954J
982,S8253185H,19/5/2021,G7399432U
983,F2858177R,19/5/2021,G6263074X
984,G4728349W,19/5/2021,S4602344G
985,S2898105H,19/5/2021,T0115353B
986,G2897256W,19/5/2021,T2526774A
987,F9486928P,19/5/2021,F2393449M
988,F4219338X,19/5/2021,T1154443B
989,F4292165M,19/5/2021,G6315391K
990,F8944008N,19/5/2021,G2874606M
991,F1410689T,19/5/2021,T2526774A
992,G8967973M,19/5/2021,T7481482J
993,F3064872L,19/5/2021,T2854079A
994,G1172124P,19/5/2021,T7952373E
995,F0643114M,19/5/2021,G6729663Q
996,S2440698I,19/5/2021,T8989701C
997,S8074240A,19/5/2021,S0335916F
998,S4604926H,19/5/2021,F1071487R
999,G4760553P,19/5/2021,S4773658G
1000,T3113634I,19/5/2021,T0261074J
